USER_ID,USERNAME,TASK_COMPLETED_STATUS,TASK_TITLE
8,Nicholas Runolfsdottir V,Yes,explicabo consectetur debitis voluptates quas quae culpa rerum non
8,Nicholas Runolfsdottir V,Yes,maiores accusantium architecto necessitatibus reiciendis ea aut
8,Nicholas Runolfsdottir V,No,eum non recusandae cupiditate animi
8,Nicholas Runolfsdottir V,No,ut eum exercitationem sint
8,Nicholas Runolfsdottir V,No,beatae qui ullam incidunt voluptatem non nisi aliquam
8,Nicholas Runolfsdottir V,Yes,molestiae suscipit ratione nihil odio libero impedit vero totam
8,Nicholas Runolfsdottir V,Yes,eum itaque quod reprehenderit et facilis dolor autem ut
8,Nicholas Runolfsdottir V,No,esse quas et quo quasi exercitationem
8,Nicholas Runolfsdottir V,No,animi voluptas quod perferendis est
8,Nicholas Runolfsdottir V,No,eos amet tempore laudantium fugit a
8,Nicholas Runolfsdottir V,Yes,accusamus adipisci dicta qui quo ea explicabo sed vero
8,Nicholas Runolfsdottir V,No,odit eligendi recusandae doloremque cumque non
8,Nicholas Runolfsdottir V,No,ea aperiam consequatur qui repellat eos
8,Nicholas Runolfsdottir V,Yes,rerum non ex sapiente
8,Nicholas Runolfsdottir V,Yes,voluptatem nobis consequatur et assumenda magnam
8,Nicholas Runolfsdottir V,Yes,nam quia quia nulla repellat assumenda quibusdam sit nobis
8,Nicholas Runolfsdottir V,Yes,dolorem veniam quisquam deserunt repellendus
8,Nicholas Runolfsdottir V,Yes,debitis vitae delectus et harum accusamus aut deleniti a
8,Nicholas Runolfsdottir V,Yes,debitis adipisci quibusdam aliquam sed dolore ea praesentium nobis
8,Nicholas Runolfsdottir V,No,et praesentium aliquam est
